round_id,scene_id,qx,qy,qz,qw,x,y,z,width,score,label,integration_time,planning_time
0,b0e52cbf0952426cba265b7d0a2ca935,0.6013335925129238,0.7824905776975872,0.13065891900609164,-0.0950507928118271,0.202499994635582,0.15750000178813936,0.12750000134110454,0.06366667449474335,0.9789025,0,0.002511739730834961,0.0448603630065918
0,0abf8b922e464a208d8cd6ad820c9dac,0.6259121295077661,0.7685298915119544,0.1259699761120389,-0.04156172645607195,0.239999994635582,0.1650000035762787,0.12750000134110454,0.06429942548274994,0.98334056,0,0.0024988651275634766,0.04192543029785156
1,785fcde08494461e84e1c7f27137b845,-0.23474311638833056,0.8543946077890712,0.1480849522301084,0.43929075839614545,0.10499999821186068,0.082499997317791,0.09749999642372133,0.061427709460258495,0.775032,0,0.002523183822631836,0.030742883682250977
1,0ca47b594343404b9a0bb774a8df4072,-0.2926851011138949,0.8351647532261368,0.20272423993172847,0.4192113418059894,0.10499999821186068,0.07500000000000001,0.09749999642372133,0.06310693323612214,0.6977774,1,0.002547025680541992,0.029504776000976562
