round_id,scene_id,qx,qy,qz,qw,x,y,z,width,score,label,integration_time,planning_time
0,734741d5f8f84af2be8e7a876a831d9d,-0.3636645379937833,0.8880246289573501,0.26295635127719424,0.10007157185691497,0.2174999982118607,0.2174999982118607,0.1650000035762787,0.030863235890865332,0.9888935,1,0.0026178359985351562,0.08611822128295898
0,28d498d8b223416d8e4d5158bef9f289,-0.06033465627555641,0.9870598893914337,0.14842446120840583,-0.006533247406572695,0.202499994635582,0.22500000000000003,0.1350000020116568,0.06400738656520845,0.86608696,1,0.0025615692138671875,0.047386884689331055
0,3e2961f9e5384cec9938e04d65f9536d,0.2838885358003112,0.947271661922083,0.08375517645969015,-0.12275491100862954,0.1650000035762787,0.09749999642372133,0.11249999552965166,0.046071329712867745,0.8034721,1,0.002580881118774414,0.03678488731384277
0,d83f5d3a973e48e1a414683258889347,-0.3942560502415668,0.8211119664505412,0.17617839346310277,0.37322711460504104,0.14250000268220903,0.1350000020116568,0.09749999642372133,0.04113100469112397,0.544631,1,0.0025839805603027344,0.028688430786132812
