round_id,scene_id,qx,qy,qz,qw,x,y,z,width,score,label,integration_time,planning_time
0,265cb613b0a249da9a07e2c515d7fb39,0.37230801712983985,0.9095438882733422,0.15335614770543074,-0.10294924791569322,0.239999994635582,0.082499997317791,0.11249999552965166,0.04058343172073365,0.8390529,0,0.0025856494903564453,0.038561105728149414
