round_id,scene_id,qx,qy,qz,qw,x,y,z,width,score,label,integration_time,planning_time
0,7850589653e749b8bf23492b27bd315f,-0.23474311638833056,0.8543946077890712,0.1480849522301084,0.43929075839614545,0.10499999821186068,0.082499997317791,0.09749999642372133,0.061427709460258495,0.775032,0,0.0025680065155029297,0.03006744384765625
0,8b9d73bc52554357a759a71bc12f09f5,-0.2926849947039698,0.8351648835228275,0.2027241536490619,0.41921119824345177,0.10499999821186068,0.07500000000000001,0.09749999642372133,0.06310693323612214,0.69777733,1,0.002651214599609375,0.02899909019470215
