round_id,scene_id,qx,qy,qz,qw,x,y,z,width,score,label,integration_time,planning_time
0,403929c0766b48e4bb2526e14cadafba,0.2507291575068952,0.9673967939490627,-0.014960509706623349,-0.03247330876697455,0.14250000268220903,0.202499994635582,0.12750000134110454,0.03833229839801789,0.76864046,1,0.009072303771972656,0.03466916084289551
0,1d76de0e31874a308dff047398171491,0.002399550755027999,0.9677325503980024,0.12157620510757407,0.22069703080919031,0.1799999959766865,0.07500000000000001,0.1350000020116568,0.05376168787479402,0.58815604,0,0.008673429489135742,0.029545068740844727
0,02b107d9f2c94d07a566bd2581629977,0.24026013943279256,0.94123321898977,0.19956691590132195,0.12856180983295715,0.18749999552965166,0.052500003576278695,0.1500000022351742,0.0513767033815384,0.6936077,0,0.009019613265991211,0.030873537063598633
