round_id,scene_id,qx,qy,qz,qw,x,y,z,width,score,label,integration_time,planning_time
0,fda765a25c2342eeb76e2133b614707b,0.5422373890587059,0.7835953658982874,0.1989536986612768,-0.22885441275737917,0.082499997317791,0.11249999552965166,0.11249999552965166,0.04490317404270173,0.9649766,1,0.002449512481689453,0.0314633846282959
1,468ab554dc074d029f16dda273c0b410,0.34575560776794834,0.9083356880371645,0.15073826947352956,-0.18071334109908221,0.1350000020116568,0.1650000035762787,0.10499999821186068,0.06454279124736786,0.5564552,1,0.0024576187133789062,0.02826070785522461
