round_id,scene_id,qx,qy,qz,qw,x,y,z,width,score,label,integration_time,planning_time
1,9cc141029d8d4d9184506e6ac0abe7fd,0.3541064818619806,0.7963552385431052,0.24341365421298194,-0.42564859507693387,0.277499994635582,0.1725000008940697,0.09749999642372133,0.04081462919712067,0.95239586,1,0.002499103546142578,0.029492855072021484
