round_id,scene_id,qx,qy,qz,qw,x,y,z,width,score,label,integration_time,planning_time
0,3d7b8d92f62040da88a33c4d20f8b2b9,0.6193435045771237,0.7507271589282684,0.16562732662821014,-0.15934222560140468,0.1350000020116568,0.12750000134110454,0.11249999552965166,0.03858783245086671,0.97826064,1,0.0030345916748046875,0.6060621738433838
