round_id,scene_id,qx,qy,qz,qw,x,y,z,width,score,label,integration_time,planning_time
0,3ace7074859e445e97e65ccb67f9135f,0.34575560776794834,0.9083356880371645,0.15073826947352956,-0.18071334109908221,0.1350000020116568,0.1650000035762787,0.10499999821186068,0.06454279124736786,0.5564567,1,0.002559661865234375,0.028578996658325195
2,250db928e94d4c5b81d5028e4547b5e0,0.5858971588417161,0.7831844836991184,0.1588971496163439,-0.134529846494938,0.26250000000000007,0.082499997317791,0.11249999552965166,0.04428259134292603,0.93003494,1,0.0025725364685058594,0.04085946083068848
