round_id,scene_id,qx,qy,qz,qw,x,y,z,width,score,label,integration_time,planning_time
0,5053d9d9ac164897bea1228d603471ee,-0.0035285714234076834,0.9990608603263682,-0.03895042429475453,-0.018649691549874635,0.20999999642372136,0.22500000000000003,0.11249999552965166,0.026226369291543965,0.7165296,0,0.0026922225952148438,0.03217720985412598
0,94de978d913041f085c5c9ed01df6efb,-0.0016988893411477692,0.9990543941838356,-0.03887807290438669,-0.019388828851096586,0.20999999642372136,0.22500000000000003,0.11249999552965166,0.02647698819637299,0.71052885,0,0.0027916431427001953,0.03193020820617676
