round_id,scene_id,qx,qy,qz,qw,x,y,z,width,score,label,integration_time,planning_time
0,b42416f1b5ad45a293d7d18f549f4c2e,-0.30604756025989016,0.8328642289258384,0.1961226174749398,0.41738230191218684,0.15750000178813936,0.1725000008940697,0.10499999821186068,0.051048159599304206,0.9835161,1,0.0025305747985839844,0.03015303611755371
1,198324ef4a344b1991a2f118973d7927,-0.25257888807093043,0.892038120013094,0.12715482898450142,0.3525670818585867,0.052500003576278695,0.052500003576278695,0.10499999821186068,0.06607599556446077,0.77345645,0,0.002579927444458008,0.029186725616455078
1,7cb927f2bef149c78f020743c9429bf7,-0.43775073597634195,0.8670823162775134,0.08461097226535283,0.2222240610809392,0.07500000000000001,0.037500000000000006,0.10499999821186068,0.06561360061168671,0.75815916,1,0.004185676574707031,0.02882075309753418
