round_id,scene_id,qx,qy,qz,qw,x,y,z,width,score,label,integration_time,planning_time
0,af79f330f1b44ddab7e242cec356e4f5,0.4020530840212448,0.8220546761297469,0.186363277998511,-0.35755860456136757,0.1725000008940697,0.1500000022351742,0.09749999642372133,0.057168808579444896,0.64214605,1,0.0025513172149658203,0.028839111328125
1,5c47c0c349d6458aba962930f10df72f,-0.26977341027633095,0.823873538593298,0.20599066188320314,0.4538970662281879,0.1650000035762787,0.14250000268220903,0.09749999642372133,0.06298525035381318,0.6986766,0,0.002536296844482422,0.03012990951538086
1,fdacf717009943e1b057beb779ef39bd,-0.24071270046214313,0.8311318692578983,0.16438765700083635,0.473554548036306,0.14250000268220903,0.1500000022351742,0.09749999642372133,0.06266887485980989,0.73657966,0,0.002547025680541992,0.030132293701171875
