{
  "gsr": {
    "mean": 80.00000000000001,
    "std": 26.666666666666668,
    "val": [
      100.0,
      33.333333333333336,
      100.0,
      100.0,
      66.66666666666667
    ]
  },
  "dr": {
    "mean": 62.0,
    "std": 24.0,
    "val": [
      80.0,
      20.0,
      80.0,
      50.0,
      80.0
    ]
  }
}