round_id,scene_id,qx,qy,qz,qw,x,y,z,width,score,label,integration_time,planning_time
0,a6bbf7073e184ee9a6686a3cfe4402d5,-0.26977341027633095,0.823873538593298,0.20599066188320314,0.4538970662281879,0.1650000035762787,0.14250000268220903,0.09749999642372133,0.06298525035381318,0.69867647,0,0.0025887489318847656,0.029351472854614258
0,9a9e638b165b4dfdab54c2bcb0efab20,-0.24071270046214313,0.8311318692578983,0.16438765700083635,0.473554548036306,0.14250000268220903,0.1500000022351742,0.09749999642372133,0.06266887485980989,0.7365796,0,0.0026519298553466797,0.029876232147216797
