round_id,scene_id,qx,qy,qz,qw,x,y,z,width,score,label,integration_time,planning_time
0,7484df7ef3264b73ab8bc0702b16c360,-0.23474311638833056,0.8543946077890712,0.1480849522301084,0.43929075839614545,0.10499999821186068,0.082499997317791,0.09749999642372133,0.061427709460258495,0.7750319,0,0.0024716854095458984,0.03037095069885254
0,bfcd4d2779b546738849b470d4a36c23,-0.2926849947039698,0.8351648835228275,0.2027241536490619,0.41921119824345177,0.10499999821186068,0.07500000000000001,0.09749999642372133,0.06310693323612214,0.6977774,1,0.009175777435302734,0.0297243595123291
