round_id,scene_id,qx,qy,qz,qw,x,y,z,width,score,label,integration_time,planning_time
0,9ed83ea051e34b9eb4219742773e2cf0,0.3275917387296878,0.8128250178358907,0.25683240786907835,-0.407475468420266,0.18749999552965166,0.02999999821186066,0.11249999552965166,0.05665774047374726,0.82605505,1,0.0025908946990966797,0.05344438552856445
0,ee686b55e3de41ae9219f44e5ce864bb,0.647747338427555,0.6929978734814188,0.24963778280856247,-0.1945721210879785,0.24749999642372136,0.05999999642372132,0.11249999552965166,0.03941527605056763,0.90739214,1,0.006612300872802734,0.05932021141052246
0,2b7a581d448d48999f2191a9fc9cbc3c,0.6087796504071746,0.78336534516529,0.12097738317560765,-0.033023415997845376,0.202499994635582,0.2174999982118607,0.11249999552965166,0.06522421538829805,0.89616,1,0.0038177967071533203,0.04593992233276367
0,29a16a288bfa41c2a860db150b79d60a,0.5186575206782378,0.8536219846469338,0.029543005793882745,-0.038093232732283884,0.08999999463558199,0.06749999821186067,0.14250000268220903,0.06539457142353058,0.8186971,1,0.0026023387908935547,0.03624725341796875
