round_id,scene_id,qx,qy,qz,qw,x,y,z,width,score,label,integration_time,planning_time
0,d39925b2e9004f15af49b3f865c92ace,0.6013335479681248,0.7824905972943413,0.13065896698180643,-0.09505084734634972,0.202499994635582,0.15750000178813936,0.12750000134110454,0.06366667449474335,0.9789025,0,0.0024564266204833984,0.04489421844482422
0,58273e70112649d0820e19f5c5958a58,0.5241595012526629,0.827849583031212,0.11302147280364515,-0.16476659797089652,0.19499999731779102,0.1500000022351742,0.12750000134110454,0.062279489636421215,0.98247117,0,0.0025141239166259766,0.04110145568847656
