round_id,scene_id,qx,qy,qz,qw,x,y,z,width,score,label,integration_time,planning_time
0,f38392f74e6143e2891a2b1e1c0514c8,0.6013335925129238,0.7824905776975872,0.13065891900609164,-0.0950507928118271,0.202499994635582,0.15750000178813936,0.12750000134110454,0.06366667449474335,0.9789025,0,0.008198022842407227,0.04404735565185547
0,450046fa43d8482aa3c24ff56031b2f9,0.6259121295077661,0.7685298915119544,0.1259699761120389,-0.04156172645607195,0.239999994635582,0.1650000035762787,0.12750000134110454,0.06429942548274994,0.9833404,0,0.0025930404663085938,0.04604959487915039
