round_id,scene_id,qx,qy,qz,qw,x,y,z,width,score,label,integration_time,planning_time
0,876e299a36ae4c8e9ada83dad3ae3824,-0.2568366554902791,0.9419366221580178,0.1938138326776273,-0.0960548306797743,0.26250000000000007,0.02999999821186066,0.1350000020116568,0.06707379519939424,0.9165414,1,0.002752065658569336,0.041295528411865234
0,03d313e9fb0e4dd6a506bfd328c557d3,0.6655440604831938,0.745720119219288,0.012244316322643198,-0.02833167952848691,0.15750000178813936,0.202499994635582,0.11249999552965166,0.0382957935333252,0.8433016,1,0.002844095230102539,0.03307080268859863
0,d7a7aba04afd409c815e3446de0804b4,-0.3337478720714376,0.8568462346546245,0.14056305936939295,0.36697263438394984,0.202499994635582,0.14250000268220903,0.11249999552965166,0.04265204071998597,0.95155066,1,0.009093284606933594,0.03635001182556152
0,70ad080f92ed4eafb47eeb375eaff1cc,-0.3108982472695938,0.8124420122292603,0.22542870254160385,0.43870509078420095,0.1725000008940697,0.04500000178813935,0.09749999642372133,0.058507320284843456,0.7441611,1,0.00284576416015625,0.03164529800415039
