round_id,scene_id,qx,qy,qz,qw,x,y,z,width,score,label,integration_time,planning_time
0,d74a6200f85e4eebb02a0e592ddb4b1d,-0.3060475069379196,0.8328643056278794,0.19612254699522128,0.41738222107342055,0.15750000178813936,0.1725000008940697,0.10499999821186068,0.051048159599304206,0.9835161,1,0.008547306060791016,0.030011653900146484
1,0e24af1865ec4f318535216d56f55e80,-0.2525776706524792,0.8920390894982713,0.1271539818720274,0.35256580660771836,0.052500003576278695,0.052500003576278695,0.10499999821186068,0.06607599556446077,0.77345717,0,0.006419658660888672,0.028845787048339844
1,f6ee1848696340a8a975bc1f48494dac,-0.40569384258809654,0.86904480547536,0.10383948267201516,0.26342170373909385,0.07500000000000001,0.037500000000000006,0.10499999821186068,0.0656379371881485,0.8011456,1,0.008664846420288086,0.029152870178222656
