round_id,scene_id,qx,qy,qz,qw,x,y,z,width,score,label,integration_time,planning_time
0,bc758f861ec24a1cbd2d488a63262867,0.20278709594792538,0.9779547914944109,0.046705806971757836,0.017331679239109835,0.08999999463558199,0.06749999821186067,0.1350000020116568,0.06631936132907869,0.9528856,1,0.002542734146118164,0.03576374053955078
1,a1f17720b43448a4975184e6716d05bd,0.4045958311658573,0.7958120286051117,0.22237855694514036,-0.39183313532883224,0.1725000008940697,0.1500000022351742,0.09749999642372133,0.0565360575914383,0.7574267,1,0.0029354095458984375,0.029806852340698242
