round_id,scene_id,qx,qy,qz,qw,x,y,z,width,score,label,integration_time,planning_time
0,90f47303ee294eac97973ce58c63be28,0.6013335925129238,0.7824905776975872,0.13065891900609164,-0.0950507928118271,0.202499994635582,0.15750000178813936,0.12750000134110454,0.06366667449474335,0.9789025,0,0.004550457000732422,0.0439760684967041
0,42455772960340a2b6de4b01c80819c6,0.6259121295077661,0.7685298915119544,0.1259699761120389,-0.04156172645607195,0.239999994635582,0.1650000035762787,0.12750000134110454,0.06429942548274994,0.98334056,0,0.0024826526641845703,0.041893720626831055
