round_id,scene_id,qx,qy,qz,qw,x,y,z,width,score,label,integration_time,planning_time
0,f3d0e8ef902c48e799225da284b859e9,-0.4538083880974585,0.8867694546806814,0.07601958862446158,-0.04380528830040138,0.26250000000000007,0.02999999821186066,0.12750000134110454,0.04737333655357361,0.87875634,0,0.0028200149536132812,0.04301786422729492
0,2e21724df4a04a998c8ed6c24c408caf,0.2938999293419347,0.9515598603432895,-0.028733779309926027,-0.08562145550522703,0.18749999552965166,0.20999999642372136,0.10499999821186068,0.038125437498092656,0.50225997,1,0.0027174949645996094,0.029062509536743164
