round_id,scene_id,qx,qy,qz,qw,x,y,z,width,score,label,integration_time,planning_time
0,fb2a2d539f514240bc1b047f0ad10788,0.7583606950081826,0.651754627222228,0.003492294628952626,-0.009631512827460404,0.082499997317791,0.239999994635582,0.1350000020116568,0.04979482591152192,0.8160648,1,0.002561807632446289,0.0666205883026123
0,f52c9f3bfaf34b98b00f6a72d39fd6cd,0.0716090833637035,0.9929701578779927,0.09359492077332315,0.011063252189107883,0.09749999642372133,0.1799999959766865,0.1500000022351742,0.048687511682510384,0.77341396,0,0.0025954246520996094,0.057015180587768555
0,6f0c1da59dba413da8d40827dbb58064,0.5815917675980928,0.8048901913771864,0.05181396597971624,-0.10591557305880493,0.1725000008940697,0.11249999552965166,0.1500000022351742,0.04641204178333283,0.8887665,0,0.0025501251220703125,0.0858755111694336
