round_id,scene_id,qx,qy,qz,qw,x,y,z,width,score,label,integration_time,planning_time
0,93edd6f63c5f446a866e8f8a0b36609b,0.7492899699574949,0.6554320283901718,0.0930682172975191,-0.01765514119183327,0.15750000178813936,0.07500000000000001,0.11249999552965166,0.04523171782493592,0.9414624,1,0.0026197433471679688,0.03217577934265137
1,9cfcadb21b214478be0a7e9e55c8ef5b,-0.3795555276968584,0.8348295187189914,0.1638761181329165,0.36351326519930904,0.12750000134110454,0.02999999821186066,0.11249999552965166,0.03975598812103272,0.98266107,1,0.002549409866333008,0.03138375282287598
