round_id,scene_id,qx,qy,qz,qw,x,y,z,width,score,label,integration_time,planning_time
0,8435fbf50a6e4bcd94a7f43d73b4a9cc,0.4133555621426169,0.8975138134032065,0.11161390773864756,-0.10558631348571763,0.202499994635582,0.05999999642372132,0.12750000134110454,0.05612233579158784,0.9829717,1,0.00276947021484375,0.04892086982727051
0,ce8a353640b24d84b2ca82026ef457a9,0.291461449154085,0.9302880525873752,0.13865292605739882,-0.17432650104304623,0.1500000022351742,0.082499997317791,0.10499999821186068,0.04562110304832459,0.6904322,1,0.0028066635131835938,0.029067277908325195
