round_id,scene_id,qx,qy,qz,qw,x,y,z,width,score,label,integration_time,planning_time
0,a87256a4dba5427eac9cece334f35b93,0.5232206953862255,0.8463772171022188,0.03920974413665162,-0.09136906617995226,0.26250000000000007,0.12750000134110454,0.12000000178813935,0.046071329712867745,0.91213876,1,0.008693218231201172,0.04983353614807129
0,b14387f1b7a94ddc9299ba727ac0eb40,0.707480777717942,0.7041534676820883,0.03750044796770643,-0.047249968392871204,0.12000000178813935,0.12750000134110454,0.12750000134110454,0.047774890065193185,0.84487987,0,0.0089111328125,0.04301166534423828
0,eae2d5a7b6254b6fba920b346df69834,-0.08585282814230152,0.9947212533629921,0.015094255420247489,0.05413948153828969,0.1799999959766865,0.22500000000000003,0.1350000020116568,0.026791097223758702,0.8023444,0,0.009145021438598633,0.04133152961730957
