round_id,scene_id,qx,qy,qz,qw,x,y,z,width,score,label,integration_time,planning_time
0,4a859a5ddcc14cdb89845546277f1520,0.3062887022305803,0.9411388710958539,0.10165765319076159,-0.10055136869319822,0.1799999959766865,0.10499999821186068,0.1350000020116568,0.059188744425773626,0.97951764,1,0.002624988555908203,0.11470937728881836
0,c42fc481d3d847fda2ae6dd393964dae,0.7308160835084049,0.6776284182678813,0.0412334030807769,-0.0709040570883205,0.09749999642372133,0.1350000020116568,0.1350000020116568,0.06354499161243439,0.90455425,1,0.0025429725646972656,0.06927371025085449
0,9d6bf0baf1884f22a77a2524a31ff0cb,-0.3798698359002199,0.8192276683144702,0.18068515655603282,0.38976635237215906,0.06749999821186067,0.2174999982118607,0.11249999552965166,0.054698646068573005,0.97999287,1,0.0024683475494384766,0.05131697654724121
0,a820a092478a43baba662c246a133a2d,-0.02902124283453371,0.9769625135399077,0.03171080745375507,0.20903693284382924,0.1725000008940697,0.20999999642372136,0.11249999552965166,0.04732466340065003,0.7825457,0,0.0025129318237304688,0.0325925350189209
0,627daeb66a5a4e8ba31f81afc7bb0c0d,-0.050173393414233214,0.9902578401295073,0.006301515148478108,0.1297394757280036,0.1799999959766865,0.22500000000000003,0.10499999821186068,0.06498084962368013,0.6601346,1,0.0025682449340820312,0.03131461143493652
