round_id,scene_id,qx,qy,qz,qw,x,y,z,width,score,label,integration_time,planning_time
0,0c5e2dda45264eb09c56a2625b27206b,0.3789224242380937,0.7734485096665084,0.25276451741069417,-0.4408007464176101,0.239999994635582,0.04500000178813935,0.09749999642372133,0.043339544534683236,0.96269834,1,0.004427433013916016,0.028940916061401367
