round_id,scene_id,qx,qy,qz,qw,x,y,z,width,score,label,integration_time,planning_time
0,a4d13a79bc4e434a97ec63dc32f0e8b2,0.6479933327646201,0.7438195423287697,0.11390920844069122,-0.11773623645605055,0.022499996423721316,0.08999999463558199,0.1350000020116568,0.04538990557193757,0.9715072,1,0.0025925636291503906,0.07085347175598145
0,ff082425f3b14b48acf5c807c534e1b0,-0.45352621930263926,0.8547010210886864,0.10509213533749835,0.22968625567329032,0.10499999821186068,0.01500000357627869,0.09749999642372133,0.0468135952949524,0.70229423,1,0.002563953399658203,0.032015323638916016
0,24fd036cb54946d1b499d1fbfa00bab0,-0.3252426041920948,0.7993649131410892,0.22783079421610553,0.450916969368133,0.07500000000000001,0.07500000000000001,0.09749999642372133,0.04323002994060517,0.8832386,1,0.0025641918182373047,0.036318063735961914
0,0df1252a324143f0a47bc8b52309ae9e,-0.3843298474036067,0.7985606622566191,0.21025064147843925,0.4127785179111131,0.08999999463558199,0.05999999642372132,0.09749999642372133,0.0373557910323143,0.7145992,0,0.006461143493652344,0.028989076614379883
0,735bd8ade2a949558e666e5d5b974c37,-0.37661631476992724,0.7857603756587676,0.22220031348400957,0.4374560597149382,0.09749999642372133,0.037500000000000006,0.09749999642372133,0.03684168085455895,0.6746121,0,0.0025529861450195312,0.029526948928833008
