round_id,scene_id,qx,qy,qz,qw,x,y,z,width,score,label,integration_time,planning_time
0,7f7380e816bd44168b596f67d008d55f,-0.35403063862856077,0.9341033689090926,0.018140088751204878,0.042239084803476795,0.2174999982118607,0.20999999642372136,0.1350000020116568,0.06651405394077302,0.9252411,1,0.007691860198974609,0.24765896797180176
0,f36652014f354261be7eb66aede70b99,0.35808230416058157,0.8386788595329998,0.21397100968413432,-0.350158879702097,0.12750000134110454,0.052500003576278695,0.10499999821186068,0.04149605333805085,0.93454564,1,0.002709627151489258,0.03746318817138672
