round_id,scene_id,qx,qy,qz,qw,x,y,z,width,score,label,integration_time,planning_time
0,f39a1b8dd8e343ce9c60644b09ecaddb,0.6706219846991416,0.7365090776086257,0.04362957137529124,-0.07692199126312446,0.02999999821186066,0.1799999959766865,0.1500000022351742,0.04030356109142304,0.9388202,1,0.008641719818115234,0.07156133651733398
0,73b84300fbc04f3bb9f88abbc239f55f,0.5479785042763217,0.8010335604267431,0.16427546553152844,-0.1762905707788709,0.1350000020116568,0.037500000000000006,0.11249999552965166,0.04822511672973633,0.6640949,1,0.005705118179321289,0.03093242645263672
0,c947ab9e03614ec08f50c0e211d43f25,0.7677884575046525,0.6301341445167872,0.08502498793079953,-0.07875656076855155,0.09749999642372133,0.09749999642372133,0.12000000178813935,0.03929967284202576,0.8524647,1,0.0025343894958496094,0.03361701965332031
0,e953545ddf32453eb9c4cc2f4185c005,0.817156947570474,0.5754649897399515,0.02366002755255525,-0.02312513172104436,0.09749999642372133,0.08999999463558199,0.11249999552965166,0.045402073860168465,0.65201,0,0.007097482681274414,0.029416322708129883
0,e374afa1b4d94dbe9aa7d32456383c01,0.8252281377539893,0.5633178237910674,0.04063175162882975,-0.004539913870523692,0.08999999463558199,0.08999999463558199,0.11249999552965166,0.043515989184379586,0.60170126,0,0.0052874088287353516,0.02944016456604004
