round_id,scene_id,qx,qy,qz,qw,x,y,z,width,score,label,integration_time,planning_time
0,e1d995ca401646a58516c7a61b80d93a,-0.43578477050383974,0.8595339927746234,0.1463065688266295,0.22335473350705654,0.12000000178813935,0.09749999642372133,0.1500000022351742,0.057314828038215644,0.95768636,1,0.0042226314544677734,0.08926033973693848
0,0635a2f5cee84e77a70f297ffd4ada57,-0.30449862778338604,0.9500865805221336,0.04189541023376869,-0.0534869123350616,0.18749999552965166,0.2174999982118607,0.1350000020116568,0.06712246835231782,0.73267573,0,0.002557516098022461,0.03491950035095215
0,8f8bf33f3827465d8e19e09d343f900b,-0.4318049096521421,0.8988759789991615,0.03704294428931957,-0.06476352875641143,0.1725000008940697,0.239999994635582,0.1350000020116568,0.0680715948343277,0.7030245,0,0.002569913864135742,0.03595781326293945
