round_id,scene_id,qx,qy,qz,qw,x,y,z,width,score,label,integration_time,planning_time
0,78916cd11cc94c3a8109dba2bda3ede2,-0.30509755109714937,0.8964224485459794,-0.11721856183296966,0.2993360767083774,0.11249999552965166,0.12000000178813935,0.1350000020116568,0.02834159284830094,0.8598016,1,0.006434917449951172,0.0966036319732666
0,16f7ad01ffa24d6e8c0c0d9647c5c236,0.41864373997354215,0.8917041399476658,0.07379460810287425,-0.15542040276650299,0.239999994635582,0.2174999982118607,0.12750000134110454,0.04336996972560883,0.87427294,0,0.0029141902923583984,0.06010556221008301
0,0ec96b8061044d0f97d78339994c0e08,0.40376680775613627,0.8986782294487141,0.0688275638696042,-0.15688394220288843,0.239999994635582,0.2174999982118607,0.12750000134110454,0.04365592002868653,0.86627704,0,0.005596637725830078,0.057628631591796875
