round_id,scene_id,qx,qy,qz,qw,x,y,z,width,score,label,integration_time,planning_time
1,d1564ed43fb748d3a753d2635d9c7640,-0.23137817441316688,0.8396251494466073,0.17872976611336222,0.4577656819018384,0.12000000178813935,0.05999999642372132,0.09749999642372133,0.05831262767314912,0.6602787,0,0.0025544166564941406,0.029217243194580078
1,58dac233eeb14895b7372863358bc70b,0.3683334556564074,0.8167754935807501,0.20082804383784886,-0.3960761989041936,0.1350000020116568,0.06749999821186067,0.09749999642372133,0.05486900210380555,0.75711113,1,0.002460956573486328,0.02898263931274414
