{
  "gsr": {
    "mean": 84.0,
    "std": 22.350739485653612,
    "val": [
      100.0,
      80.0,
      60.0,
      100.0,
      100.0,
      100.0,
      33.333333333333336,
      100.0,
      100.0,
      66.66666666666667
    ]
  },
  "dr": {
    "mean": 67.0,
    "std": 22.825424421026653,
    "val": [
      100.0,
      80.0,
      60.0,
      80.0,
      40.0,
      80.0,
      20.0,
      80.0,
      50.0,
      80.0
    ]
  }
}