round_id,scene_id,qx,qy,qz,qw,x,y,z,width,score,label,integration_time,planning_time
0,3186c9ee9225478bb6093224a03e0cb5,0.43769834814644537,0.8804129041448022,0.14872476923752115,-0.10570817026339296,0.09749999642372133,0.08999999463558199,0.12000000178813935,0.04330912828445435,0.94467354,1,0.0025658607482910156,0.07667946815490723
0,53004e36485c48b8b552825a92b39d7d,-0.363531161418295,0.9294846972384163,0.03163160661759167,0.05387702423357149,0.2174999982118607,0.20999999642372136,0.1350000020116568,0.06683042943477632,0.9283021,1,0.00263214111328125,0.059615373611450195
