round_id,scene_id,qx,qy,qz,qw,x,y,z,width,score,label,integration_time,planning_time
0,69d2ffb49e56483d91bc7a259b6c1c63,-0.44897735447995435,0.8912337492165369,-0.03169674611684619,0.05583059830613084,0.23249999284744266,0.19499999731779102,0.12000000178813935,0.040443491935729985,0.8870531,0,0.0026149749755859375,0.051252126693725586
0,8ddc12eb81834c3ba8cc6e52b69716c5,-0.59323947957444,0.7992135196835745,0.013662311095491566,0.09559294474368885,0.2700000017881394,0.1725000008940697,0.12000000178813935,0.03732232823967934,0.9289116,0,0.0027437210083007812,0.047653913497924805
