round_id,scene_id,qx,qy,qz,qw,x,y,z,width,score,label,integration_time,planning_time
0,5358fcc0ceae43779760e8c2d54cc8ee,-0.39316097488873725,0.8785113227396861,0.21167062538976888,0.16981710747097561,0.05999999642372132,0.02999999821186066,0.11249999552965166,0.05172958374023438,0.67768276,0,0.0026199817657470703,0.03679513931274414
0,371baeb87c87458095cdee21d04ee54c,-0.029077498983146207,0.9934976354062268,0.10394974317767304,-0.036213234989667095,0.10499999821186068,0.12000000178813935,0.1500000022351742,0.04974615275859833,0.7188207,0,0.0026786327362060547,0.04759478569030762
