round_id,scene_id,qx,qy,qz,qw,x,y,z,width,score,label,integration_time,planning_time
0,5fd00c4454f84bd2ab87606838c8d6bf,-0.24014473058229538,0.803595784565636,0.19144325035496335,0.5098174234914139,0.02999999821186066,0.05999999642372132,0.10499999821186068,0.05797191560268403,0.95344734,1,0.002616405487060547,0.6851263046264648
0,3f02526bb2df40eabfa1b30aa329b029,-0.027052464277971106,0.870570014102178,0.043535698711107226,0.4893676099420131,0.037500000000000006,0.22500000000000003,0.12000000178813935,0.06403172314167023,0.91647655,1,0.0040743350982666016,0.05746197700500488
0,afe118593909452f9b727c75dd1cf286,0.20027261665258242,0.9654210061774569,0.09714116007110488,-0.13570834488149527,0.1799999959766865,0.07500000000000001,0.1350000020116568,0.06702512204647065,0.8556175,1,0.002511739730834961,0.03735542297363281
0,e37681a28adb4f238b9c90d29ffd11c4,-0.25523462547818954,0.814509798047053,0.16088329038897156,0.49552562165439545,0.1350000020116568,0.15750000178813936,0.08999999463558199,0.043467316031456,0.74231684,1,0.0024671554565429688,0.0281522274017334
