round_id,scene_id,qx,qy,qz,qw,x,y,z,width,score,label,integration_time,planning_time
0,070de5ea50324f139a41738f42979dfd,0.7492899699574949,0.6554320283901718,0.0930682172975191,-0.01765514119183327,0.15750000178813936,0.07500000000000001,0.11249999552965166,0.04523171782493592,0.9414624,1,0.0026133060455322266,0.032216787338256836
