round_id,scene_id,qx,qy,qz,qw,x,y,z,width,score,label,integration_time,planning_time
0,7feca897a1194df19fc0d0a2ba8ce72c,0.2848464054069098,0.8110747626432522,0.2219400634001453,-0.4601769909370676,0.1725000008940697,0.037500000000000006,0.09749999642372133,0.045097866654396065,0.93275857,1,0.002538919448852539,0.028919696807861328
1,be2dafc626e848719b93921daf992e12,0.33376177387684536,0.9406638527938612,0.05830439047769935,-0.01884654866585872,0.12750000134110454,0.10499999821186068,0.11249999552965166,0.05517320930957795,0.8408727,1,0.008653879165649414,0.03227639198303223
