round_id,scene_id,qx,qy,qz,qw,x,y,z,width,score,label,integration_time,planning_time
0,2b85eb440f9f4e5aa38df6b83a65dae8,-0.23474311638833056,0.8543946077890712,0.1480849522301084,0.43929075839614545,0.10499999821186068,0.082499997317791,0.09749999642372133,0.061427709460258495,0.7750319,0,0.002679109573364258,0.030570030212402344
0,df3c52c13f8b49f390d1cb88a08d6229,-0.2926849947039698,0.8351648835228275,0.2027241536490619,0.41921119824345177,0.10499999821186068,0.07500000000000001,0.09749999642372133,0.06310693323612214,0.69777733,1,0.002616405487060547,0.029376983642578125
