round_id,scene_id,qx,qy,qz,qw,x,y,z,width,score,label,integration_time,planning_time
0,01e57a9a51454d388f1c2e4ba48821da,0.6451541137246314,0.7573898378132744,0.055937777787347105,-0.08371241328250177,0.1350000020116568,0.11249999552965166,0.1725000008940697,0.04164815247058869,0.94936246,1,0.0025794506072998047,0.07088088989257812
0,16d5db6065aa4ab793fc6503a335be13,0.639463762288738,0.7485144500021147,0.10859121042235068,-0.1379136101933851,0.1799999959766865,0.18749999552965166,0.15750000178813936,0.04593747854232789,0.91489923,0,0.002723217010498047,0.06054258346557617
0,7257760705404310a31b4bdce6d70f90,0.6052951305810388,0.7687957996064738,0.11289262192751041,-0.17270228520971578,0.15750000178813936,0.18749999552965166,0.15750000178813936,0.044854500889778146,0.92975813,0,0.00257110595703125,0.06756472587585449
