round_id,scene_id,qx,qy,qz,qw,x,y,z,width,score,label,integration_time,planning_time
0,694db85f0d5b45fe8837f75a93b5c090,-0.1199044929545357,0.9898627186529895,0.07448147524867899,0.015723251413393813,0.15750000178813936,0.11249999552965166,0.14250000268220903,0.06909373104572297,0.79063904,0,0.00250244140625,0.033852338790893555
0,0fdb7a2d448c438a89b680a1f8c8b4c8,-0.34481119572437563,0.9378376457037341,0.037264886663025354,-0.013308562131041589,0.15750000178813936,0.10499999821186068,0.14250000268220903,0.06639237105846406,0.8350495,0,0.0025243759155273438,0.035108089447021484
