round_id,scene_id,qx,qy,qz,qw,x,y,z,width,score,label,integration_time,planning_time
0,a66ba774cd4d4d6ca866924896659fb3,0.5912850669005535,0.7590553382528159,0.2397875556685725,-0.12930155171846347,0.082499997317791,0.10499999821186068,0.14250000268220903,0.03340869918465615,0.9590325,0,0.002572298049926758,0.06123995780944824
0,1c3a6e0f940e4ee0b8eb16317baefb75,0.580532339190405,0.7740643779093086,0.2018075918353288,-0.15192181503528993,0.08999999463558199,0.10499999821186068,0.14250000268220903,0.03466051518917084,0.95339215,0,0.0026018619537353516,0.06035137176513672
