round_id,scene_id,qx,qy,qz,qw,x,y,z,width,score,label,integration_time,planning_time
0,5a9945f1512f461491fe9cb6f9e2e029,-0.2307891771606032,0.9708305316391922,0.06483537169151064,-0.0045617014719105675,0.1650000035762787,0.1350000020116568,0.14250000268220903,0.06724415123462678,0.77398527,0,0.002532958984375,0.03325963020324707
0,ebfa999969894634ac21bec3fe84f8fa,-0.2678093389907599,0.9608637366230952,0.0707549994331907,0.0035731844683193088,0.1350000020116568,0.18749999552965166,0.14250000268220903,0.06758486330509186,0.7826894,0,0.002870798110961914,0.03525948524475098
