round_id,scene_id,qx,qy,qz,qw,x,y,z,width,score,label,integration_time,planning_time
0,5181458844f247b18de8565fa8081908,0.43043678682068676,0.8062825181382505,0.24149344501803427,-0.3260576475248603,0.2700000017881394,0.09749999642372133,0.10499999821186068,0.04227482378482819,0.9413979,1,0.0027539730072021484,0.12154245376586914
0,41530a95895f4593a83332b7df0fab4e,0.7394649923457921,0.6698566025698591,0.06686992889938108,0.003474147031306657,0.1799999959766865,0.2174999982118607,0.12000000178813935,0.02687463685870171,0.936242,1,0.002843141555786133,0.05464434623718262
0,8d6d391e9bd547cda350655d0efd08f3,0.8207671651241526,0.5160459285633718,0.22646345222816056,-0.09355300675089546,0.10499999821186068,0.11249999552965166,0.11249999552965166,0.05545307993888856,0.9364674,1,0.0028040409088134766,0.04442763328552246
0,7cb22c8c83674a20b7dccdc138d3cd34,0.3080497288636035,0.9444787209684683,0.09073403941628322,-0.06951722287340673,0.12000000178813935,0.19499999731779102,0.11249999552965166,0.03923275172710419,0.8679417,1,0.0027866363525390625,0.03121328353881836
0,3c60c947c6774cc68528811f6237038d,-0.37113572362357944,0.8010698171649407,0.22430710905896314,0.41259149712923165,0.037500000000000006,0.1725000008940697,0.09749999642372133,0.039889839291572575,0.53638256,0,0.002798795700073242,0.028342008590698242
0,87acf6ef289946baa8d31f3df681dc24,-0.3411304135519527,0.7770282723021951,0.25291617080018175,0.46464020009111634,0.037500000000000006,0.1500000022351742,0.08999999463558199,0.04021838307380677,0.585554,0,0.0028448104858398438,0.028645992279052734
