round_id,scene_id,qx,qy,qz,qw,x,y,z,width,score,label,integration_time,planning_time
0,1894be9b03814da189f4aa8c890822ff,-0.2997923159873413,0.8841664686441724,0.3559507089439968,0.04090618293737444,0.24749999642372136,0.22500000000000003,0.1650000035762787,0.024421913176774983,0.991273,0,0.005909442901611328,0.08147883415222168
0,5f124766682e434db3f010cbd6c5e585,-0.21231889125254272,0.9460281462589458,0.15047207049854364,0.19315690746912137,0.22500000000000003,0.23249999284744266,0.15750000178813936,0.027512879669666295,0.98743874,1,0.009091615676879883,0.08502936363220215
0,4330568577ba4a09bb011637f85d56bf,-0.32764168581017494,0.9321410373533173,-0.060246577523547486,0.14189560281434915,0.20999999642372136,0.24749999642372136,0.12000000178813935,0.04352815747261048,0.89455056,0,0.0025899410247802734,0.04302525520324707
0,580c4640d9ab4285b3d3460f978f435b,-0.37796373126496796,0.923453963491515,0.06569707331957601,0.007751755757056015,0.2174999982118607,0.22500000000000003,0.12750000134110454,0.04419741332530976,0.8901656,0,0.0027208328247070312,0.04169154167175293
