round_id,scene_id,qx,qy,qz,qw,x,y,z,width,score,label,integration_time,planning_time
1,610a7cb165db47229697e83091c1730c,0.5858971867766504,0.7831844413653677,0.15889718573090153,-0.13452992863011218,0.26250000000000007,0.082499997317791,0.11249999552965166,0.04428259134292603,0.93003494,1,0.002504110336303711,0.04079318046569824
