round_id,scene_id,qx,qy,qz,qw,x,y,z,width,score,label,integration_time,planning_time
0,45145531349d4da0ab4126d4306d8d83,0.21063790781266423,0.967800001223897,0.13757572784579672,0.008230949582381703,0.052500003576278695,0.08999999463558199,0.14250000268220903,0.04470848143100739,0.85145944,1,0.005078315734863281,0.6399571895599365
0,9aea25d2b3124dbf81bafa579431986b,-0.0920325006340488,0.9038878183669662,0.049930710900339945,0.4147574649645704,0.04500000178813935,0.23249999284744266,0.14250000268220903,0.0498556673526764,0.7892885,0,0.00254058837890625,0.04850339889526367
0,b11f8a7c6ff54aab85a5e3db5d41d0a8,-0.08538831317363461,0.9618296952145791,0.17769629370864853,-0.18978013747228883,0.18749999552965166,0.09749999642372133,0.1500000022351742,0.03807676434516907,0.7704155,0,0.002534151077270508,0.04460024833679199
