round_id,scene_id,qx,qy,qz,qw,x,y,z,width,score,label,integration_time,planning_time
0,6c7751ab75c4458392e54b5d6a7ef4a2,-0.23474311638833056,0.8543946077890712,0.1480849522301084,0.43929075839614545,0.10499999821186068,0.082499997317791,0.09749999642372133,0.061427709460258495,0.7750319,0,0.005864143371582031,0.030113935470581055
0,132afd32a4304523a6091f96552e5e7c,-0.2926849947039698,0.8351648835228275,0.2027241536490619,0.41921119824345177,0.10499999821186068,0.07500000000000001,0.09749999642372133,0.06310693323612214,0.6977774,1,0.002492666244506836,0.029389619827270508
