round_id,scene_id,qx,qy,qz,qw,x,y,z,width,score,label,integration_time,planning_time
0,e31cbb80a100422ea990ba05ef63969c,0.8359783696824291,0.4913762747880579,0.22495965259367354,-0.09530307814259,0.10499999821186068,0.11249999552965166,0.11249999552965166,0.05456479489803315,0.91383576,1,0.008598089218139648,0.06296491622924805
0,3c7427735c7f420ca0cde1d58103b680,0.7216171797624416,0.6905949905233475,0.0465098629599001,0.013566045230986699,0.1799999959766865,0.2174999982118607,0.12000000178813935,0.02696151807904244,0.9262572,1,0.008548498153686523,0.04676675796508789
0,f11ff536516648c583d8a8ef6c874af9,0.43390556401469277,0.802423045729459,0.23366318229276575,-0.33651854991986324,0.2700000017881394,0.09749999642372133,0.10499999821186068,0.042560774087905894,0.95509315,1,0.002710580825805664,0.03723335266113281
0,da8d1550fc5e4854b905c422316e892e,0.3080067882942189,0.9445000138577828,0.09068272861651298,-0.06948514170664338,0.12000000178813935,0.19499999731779102,0.11249999552965166,0.039226663112640385,0.8679279,1,0.008690118789672852,0.03195786476135254
0,e87c5ae25f694ddd8ca8afd1edaa790a,-0.37116919831242184,0.8010532614963947,0.22432541172271153,0.4125835771398794,0.037500000000000006,0.1725000008940697,0.09749999642372133,0.03988375067710877,0.53639114,0,0.0026552677154541016,0.028577804565429688
0,d028eafef1d5414d8aef13b0944dbad4,-0.33873231387727326,0.780712571857565,0.250298121267707,0.46162663502959933,0.037500000000000006,0.1500000022351742,0.08999999463558199,0.04020621478557587,0.59951663,0,0.002651691436767578,0.028635025024414062
