round_id,scene_id,qx,qy,qz,qw,x,y,z,width,score,label,integration_time,planning_time
0,51beb7770c4e42b8ae8d363fa5d0aa4f,0.6013335913421455,0.7824905761741017,0.13065893365286319,-0.09505079262676608,0.202499994635582,0.15750000178813936,0.12750000134110454,0.06366667449474335,0.9789025,0,0.00652766227722168,0.04378533363342285
0,a6cf11bc38494f1c9d6895cf824c3c97,0.5177615492784912,0.8318557477175599,0.11592428851611392,-0.16278990266607057,0.19499999731779102,0.1500000022351742,0.12750000134110454,0.0623281627893448,0.9805146,0,0.0024597644805908203,0.04107308387756348
