round_id,scene_id,qx,qy,qz,qw,x,y,z,width,score,label,integration_time,planning_time
0,8787a4c5abf94336b3b544a0cc99b7d7,-0.3636645379937833,0.8880246289573501,0.26295635127719424,0.10007157185691497,0.2174999982118607,0.2174999982118607,0.1650000035762787,0.030863235890865332,0.9888935,1,0.009196281433105469,0.08713364601135254
0,376e486f744b47928ca4050b676234fd,-0.06033464911476007,0.987059894132232,0.14842443211895845,-0.006533258148161188,0.202499994635582,0.22500000000000003,0.1350000020116568,0.06400738656520845,0.8660868,1,0.002676248550415039,0.04684042930603027
0,e692483b30374e769b0ea28133597505,0.2863787815346929,0.9466781366204532,0.0834396661025359,-0.12176009712639278,0.1650000035762787,0.09749999642372133,0.11249999552965166,0.046132171154022225,0.8067031,1,0.0026328563690185547,0.03366708755493164
0,adeb701d25ab498abbb5277d14ca1a94,-0.3895828611746822,0.8072638875293422,0.1947911325641258,0.3982544724724972,0.1350000020116568,0.1350000020116568,0.09749999642372133,0.041471716761589054,0.6124315,1,0.0025606155395507812,0.02834630012512207
