round_id,scene_id,qx,qy,qz,qw,x,y,z,width,score,label,integration_time,planning_time
0,a2dc380a188446dbaf182398fa2b5d33,0.5422373890587059,0.7835953658982874,0.1989536986612768,-0.22885441275737917,0.082499997317791,0.11249999552965166,0.11249999552965166,0.04490317404270173,0.9649766,1,0.00852823257446289,0.03172874450683594
1,d7dfb7f641f24343b38b89c4ccd7c8eb,0.34575560776794834,0.9083356880371645,0.15073826947352956,-0.18071334109908221,0.1350000020116568,0.1650000035762787,0.10499999821186068,0.06454279124736786,0.5564552,1,0.0025484561920166016,0.028473615646362305
