round_id,scene_id,qx,qy,qz,qw,x,y,z,width,score,label,integration_time,planning_time
0,1a670e2ba2384f24920ad1d7ee59daaf,0.6013335479681248,0.7824905972943413,0.13065896698180643,-0.09505084734634972,0.202499994635582,0.15750000178813936,0.12750000134110454,0.06366667449474335,0.9789025,0,0.0025377273559570312,0.04402947425842285
0,db5922a515774fefb50d89202319e7ee,0.5241595012526629,0.827849583031212,0.11302147280364515,-0.16476659797089652,0.19499999731779102,0.1500000022351742,0.12750000134110454,0.062279489636421215,0.98247117,0,0.002569437026977539,0.040976524353027344
