round_id,scene_id,qx,qy,qz,qw,x,y,z,width,score,label,integration_time,planning_time
0,f907a749a194469ab0989dafefd35f4f,-0.19454723806418425,0.9793285833134769,0.05458841904274185,0.009327516991672165,0.12000000178813935,0.239999994635582,0.1350000020116568,0.05508803129196168,0.8947257,1,0.008518457412719727,0.6504368782043457
0,c8602d08f5dc4985b3bc57e268f86fc7,0.38646996209501305,0.8963645740297533,0.1411524868925855,-0.16506815037061634,0.2174999982118607,0.09749999642372133,0.12750000134110454,0.035442327708005913,0.86125815,0,0.0035867691040039062,0.05272412300109863
0,7af39a394f9d42fd9b4f19bc550ce243,0.33998960350334856,0.9117968703618884,0.16531084523488931,-0.16033047481881893,0.2174999982118607,0.09749999642372133,0.12750000134110454,0.03163973763585091,0.8549719,0,0.0025756359100341797,0.04757261276245117
