round_id,scene_id,qx,qy,qz,qw,x,y,z,width,score,label,integration_time,planning_time
0,60f5ab67160142ec8f1ad8838cfe9c2d,-0.015844011949886425,0.9748360085083414,0.20389718165535847,-0.08871112170330447,0.22500000000000003,0.22500000000000003,0.18749999552965166,0.021648397296667104,0.98759675,1,0.0027217864990234375,0.058522701263427734
0,44290f9461e8452590a4bac93b528835,-0.06784136841670278,0.9916597967741525,0.10810919501732556,0.017910838782749607,0.202499994635582,0.24749999642372136,0.1500000022351742,0.04456246197223664,0.8773115,0,0.002693653106689453,0.04254603385925293
0,ec3e88abaf764bbe80e5f3968b0bfa9a,-0.055682942358094026,0.992953123211076,0.10415068285022705,0.009805115886426703,0.19499999731779102,0.24749999642372136,0.1500000022351742,0.04422174990177155,0.8766341,0,0.0024902820587158203,0.04426693916320801
