round_id,scene_id,qx,qy,qz,qw,x,y,z,width,score,label,integration_time,planning_time
0,1c295d3a57204dd482c035b67e94d1fb,-0.13002453956080764,0.9759024540506497,0.1751083760157515,-0.00671386170886072,0.202499994635582,0.1350000020116568,0.12750000134110454,0.04046782851219178,0.9121414,0,0.028580427169799805,0.12873601913452148
0,699ce3b7c94e45ebaeb16a797b944d65,-0.0258985444769255,0.9834055329662208,0.17575493924712135,-0.03678348074395234,0.19499999731779102,0.1500000022351742,0.12750000134110454,0.042737218737602244,0.8720311,0,0.009182453155517578,0.06391072273254395
