round_id,scene_id,qx,qy,qz,qw,x,y,z,width,score,label,integration_time,planning_time
0,d88b7823f18945a699da1d9cf42e6db2,0.3062887022305803,0.9411388710958539,0.10165765319076159,-0.10055136869319822,0.1799999959766865,0.10499999821186068,0.1350000020116568,0.059188744425773626,0.97951764,1,0.002519369125366211,0.1166684627532959
0,442e9fef198d49b2a88eab0edceaaed3,0.7308160835084049,0.6776284182678813,0.0412334030807769,-0.0709040570883205,0.09749999642372133,0.1350000020116568,0.1350000020116568,0.06354499161243439,0.90455425,1,0.0033278465270996094,0.069671630859375
0,eb38832c4d464fdf8e5a9459aa5ae920,-0.3798698359002199,0.8192276683144702,0.18068515655603282,0.38976635237215906,0.06749999821186067,0.2174999982118607,0.11249999552965166,0.054698646068573005,0.97999287,1,0.0026464462280273438,0.05079531669616699
0,fda0df1577c0473d8a16f581908c6071,-0.02902124283453371,0.9769625135399077,0.03171080745375507,0.20903693284382924,0.1725000008940697,0.20999999642372136,0.11249999552965166,0.04732466340065003,0.7825458,0,0.002682924270629883,0.03274250030517578
0,883964db5b674bd596529970c71da5f4,-0.050173393414233214,0.9902578401295073,0.006301515148478108,0.1297394757280036,0.1799999959766865,0.22500000000000003,0.10499999821186068,0.06498084962368013,0.6601347,1,0.002763509750366211,0.02998065948486328
