round_id,scene_id,qx,qy,qz,qw,x,y,z,width,score,label,integration_time,planning_time
0,a3a6341beb514f4baa8268569ab6e727,0.6013335824008994,0.7824905824956468,0.1306589148587821,-0.09505082298670338,0.202499994635582,0.15750000178813936,0.12750000134110454,0.06366667449474335,0.9789025,0,0.002515077590942383,0.043595314025878906
0,2ab781e565a74957af6c60af1b34369c,0.5142267381427152,0.8342379984489258,0.11264816003322546,-0.16409818939940307,0.19499999731779102,0.1500000022351742,0.12750000134110454,0.062401172518730175,0.9808809,0,0.002567768096923828,0.04106640815734863
