round_id,scene_id,qx,qy,qz,qw,x,y,z,width,score,label,integration_time,planning_time
0,ccd10c77af50431eb3a4d19a2c16f228,-0.23474311638833056,0.8543946077890712,0.1480849522301084,0.43929075839614545,0.10499999821186068,0.082499997317791,0.09749999642372133,0.061427709460258495,0.7750319,0,0.0026197433471679688,0.030678987503051758
0,6a0ce1ea45d94413b0f030095f1ee784,-0.2926851011138949,0.8351647532261368,0.20272423993172847,0.4192113418059894,0.10499999821186068,0.07500000000000001,0.09749999642372133,0.06310693323612214,0.69777733,1,0.0059587955474853516,0.029792070388793945
