round_id,scene_id,qx,qy,qz,qw,x,y,z,width,score,label,integration_time,planning_time
0,9188e0ed2d8e466da9ec2e674a5d5aa9,0.6013335820818305,0.7824905820804556,0.13065892969061596,-0.09505080803510743,0.202499994635582,0.15750000178813936,0.12750000134110454,0.06366667449474335,0.9789025,0,0.002632617950439453,0.04413437843322754
0,c00bcb27b68d466f9bd3bd0f134323bf,0.5581246932924484,0.8076327307915063,0.1451444261639679,-0.12312308656380067,0.18749999552965166,0.1500000022351742,0.12750000134110454,0.06308259665966034,0.98037183,0,0.002592325210571289,0.04157209396362305
