round_id,scene_id,qx,qy,qz,qw,x,y,z,width,score,label,integration_time,planning_time
0,7730acb590334a6d8814975719337ada,0.3789224242380937,0.7734485096665084,0.25276451741069417,-0.4408007464176101,0.239999994635582,0.04500000178813935,0.09749999642372133,0.043339544534683236,0.9626983,1,0.002571582794189453,0.029127120971679688
