round_id,scene_id,qx,qy,qz,qw,x,y,z,width,score,label,integration_time,planning_time
0,b80362af3b0b495e8c631e9726167205,0.6013335820818305,0.7824905820804556,0.13065892969061596,-0.09505080803510743,0.202499994635582,0.15750000178813936,0.12750000134110454,0.06366667449474335,0.9789025,0,0.005242347717285156,0.04354524612426758
0,fe1b21980a11477c80d50a588cd47763,0.5581246932924484,0.8076327307915063,0.1451444261639679,-0.12312308656380067,0.18749999552965166,0.1500000022351742,0.12750000134110454,0.06308259665966034,0.98037183,0,0.0026297569274902344,0.04203391075134277
