round_id,scene_id,qx,qy,qz,qw,x,y,z,width,score,label,integration_time,planning_time
0,fe9ac527ef3145719449ce8abcb16613,-0.23474311638833056,0.8543946077890712,0.1480849522301084,0.43929075839614545,0.10499999821186068,0.082499997317791,0.09749999642372133,0.061427709460258495,0.7750319,0,0.0026612281799316406,0.030264854431152344
0,fcfa943c2d364215b7602414d2ec4cf8,-0.2926849947039698,0.8351648835228275,0.2027241536490619,0.41921119824345177,0.10499999821186068,0.07500000000000001,0.09749999642372133,0.06310693323612214,0.6977774,1,0.002663850784301758,0.030041217803955078
