round_id,scene_id,qx,qy,qz,qw,x,y,z,width,score,label,integration_time,planning_time
0,d3ac31dfd1b44dd2b50b0e06e078dd22,-0.27993870299655566,0.895996765985829,-0.2154164503154823,0.2691094031077681,0.06749999821186067,0.04500000178813935,0.12750000134110454,0.02914524525403977,0.88973373,0,0.008650064468383789,0.04432034492492676
0,6a89c5425c494827bcb5b9e63430b0d7,-0.2330450153755926,0.944380894058667,-0.16223195446977154,0.16587808985655866,0.082499997317791,0.037500000000000006,0.12750000134110454,0.0302855595946312,0.9172476,0,0.00270843505859375,0.054871320724487305
