round_id,scene_id,qx,qy,qz,qw,x,y,z,width,score,label,integration_time,planning_time
0,21d5d1edf00d4f2296b0c60a87054414,-0.1199044929545357,0.9898627186529895,0.07448147524867899,0.015723251413393813,0.15750000178813936,0.11249999552965166,0.14250000268220903,0.06909373104572297,0.790639,0,0.0025250911712646484,0.03369140625
0,c10c0f08e8444df095b43c40372cd07b,-0.34481122169358974,0.9378376352782244,0.037264901149929544,-0.01330858340351507,0.15750000178813936,0.10499999821186068,0.14250000268220903,0.06639237105846406,0.8350495,0,0.0026404857635498047,0.03543353080749512
