round_id,scene_id,qx,qy,qz,qw,x,y,z,width,score,label,integration_time,planning_time
0,838e09b788a24f3f93a632a7e7eada80,0.6013335820818305,0.7824905820804556,0.13065892969061596,-0.09505080803510743,0.202499994635582,0.15750000178813936,0.12750000134110454,0.06366667449474335,0.9789025,0,0.008452892303466797,0.04420733451843262
0,b150d2d155864b59850780dd4bb813ff,0.5581246932924484,0.8076327307915063,0.1451444261639679,-0.12312308656380067,0.18749999552965166,0.1500000022351742,0.12750000134110454,0.06308259665966034,0.98037183,0,0.0025293827056884766,0.04184699058532715
