round_id,scene_id,qx,qy,qz,qw,x,y,z,width,score,label,integration_time,planning_time
0,abe2130a438e47f8b1942c3152776fb9,0.5035994683292755,0.8390849289922332,0.1087926261099066,-0.17460876822393567,0.202499994635582,0.082499997317791,0.14250000268220903,0.042323496937751774,0.9296071,0,0.008875846862792969,0.0387113094329834
0,6be221f184154a8390d4e85a471bb93b,0.5457932853831025,0.8257984970958194,0.10330020456072218,-0.0974453670664664,0.202499994635582,0.082499997317791,0.14250000268220903,0.03968905806541444,0.9539503,0,0.008770227432250977,0.04127049446105957
