round_id,scene_id,qx,qy,qz,qw,x,y,z,width,score,label,integration_time,planning_time
0,87a3f597d424448f8a1729afa0de80fc,0.3789224242380937,0.7734485096665084,0.25276451741069417,-0.4408007464176101,0.239999994635582,0.04500000178813935,0.09749999642372133,0.043339544534683236,0.96269834,1,0.0025200843811035156,0.029644250869750977
