round_id,scene_id,qx,qy,qz,qw,x,y,z,width,score,label,integration_time,planning_time
1,2ddf2b5287404e28b5836dd6308b6c47,0.5422373890587059,0.7835953658982874,0.1989536986612768,-0.22885441275737917,0.082499997317791,0.11249999552965166,0.11249999552965166,0.04490317404270173,0.9649766,1,0.008306264877319336,0.03135848045349121
