round_id,scene_id,qx,qy,qz,qw,x,y,z,width,score,label,integration_time,planning_time
0,b5e820f7eb8a45dcb6e2a4c277376812,0.6013335824008994,0.7824905824956468,0.1306589148587821,-0.09505082298670338,0.202499994635582,0.15750000178813936,0.12750000134110454,0.06366667449474335,0.9789025,0,0.0025136470794677734,0.04371285438537598
0,53095e513259432f8a1ca70bef842eb6,0.5142267381427152,0.8342379984489258,0.11264816003322546,-0.16409818939940307,0.19499999731779102,0.1500000022351742,0.12750000134110454,0.062401172518730175,0.9808809,0,0.0024728775024414062,0.04138636589050293
1,d50da6cb96544fffa5c1806615c16f4e,-0.23474311638833056,0.8543946077890712,0.1480849522301084,0.43929075839614545,0.10499999821186068,0.082499997317791,0.09749999642372133,0.061427709460258495,0.7750316,0,0.0025491714477539062,0.0306398868560791
1,979a4182b1414c9294f0b951bcfbcf41,-0.2926849947039698,0.8351648835228275,0.2027241536490619,0.41921119824345177,0.10499999821186068,0.07500000000000001,0.09749999642372133,0.06310693323612214,0.6977774,1,0.002548694610595703,0.02925252914428711
