round_id,scene_id,qx,qy,qz,qw,x,y,z,width,score,label,integration_time,planning_time
0,e3087d8a64874996badbaec95152caa0,0.4133555621426169,0.8975138134032065,0.11161390773864756,-0.10558631348571763,0.202499994635582,0.05999999642372132,0.12750000134110454,0.05612233579158784,0.9829717,1,0.008545875549316406,0.05655360221862793
0,7d2170150b1c4f53b5d75ebabac4aaa5,0.291461449154085,0.9302880525873752,0.13865292605739882,-0.17432650104304623,0.1500000022351742,0.082499997317791,0.10499999821186068,0.04562110304832459,0.6904322,1,0.024257659912109375,0.029977798461914062
