round_id,scene_id,qx,qy,qz,qw,x,y,z,width,score,label,integration_time,planning_time
0,c607ada4847240209e10ca47289d74a5,-0.24014473058229538,0.803595784565636,0.19144325035496335,0.5098174234914139,0.02999999821186066,0.05999999642372132,0.10499999821186068,0.05797191560268403,0.9534466,1,0.002621173858642578,0.6808438301086426
0,5bec8a6dae0c413f9e147ddcc0b4ace8,-0.027052464277971106,0.870570014102178,0.043535698711107226,0.4893676099420131,0.037500000000000006,0.22500000000000003,0.12000000178813935,0.06403172314167023,0.91647655,1,0.0026023387908935547,0.05841493606567383
0,d75da53c23354709b0a7b1bc9dbc6bbf,0.20027261665258242,0.9654210061774569,0.09714116007110488,-0.13570834488149527,0.1799999959766865,0.07500000000000001,0.1350000020116568,0.06702512204647065,0.8556175,1,0.008643865585327148,0.038986921310424805
0,eab275f0f82748dbacc440d26c3d3504,-0.25523462547818954,0.814509798047053,0.16088329038897156,0.49552562165439545,0.1350000020116568,0.15750000178813936,0.08999999463558199,0.043467316031456,0.74231684,1,0.002659320831298828,0.02874588966369629
