round_id,scene_id,qx,qy,qz,qw,x,y,z,width,score,label,integration_time,planning_time
0,6cfb236a9a3343229862564bbacc1085,0.34575560776794834,0.9083356880371645,0.15073826947352956,-0.18071334109908221,0.1350000020116568,0.1650000035762787,0.10499999821186068,0.06454279124736786,0.55645514,1,0.0024924278259277344,0.028659343719482422
2,df435c45a70e487aa87c5b436dccaa13,0.5858971588417161,0.7831844836991184,0.1588971496163439,-0.134529846494938,0.26250000000000007,0.082499997317791,0.11249999552965166,0.04428259134292603,0.93003494,1,0.002464771270751953,0.040509939193725586
