round_id,scene_id,qx,qy,qz,qw,x,y,z,width,score,label,integration_time,planning_time
0,157fdfa69c0e46d7876f994224eb85f6,0.6393859554348984,0.7455527978224845,0.1567418318424571,-0.10377197985168528,0.04500000178813935,0.1799999959766865,0.12750000134110454,0.04569411277770997,0.9363839,0,0.0026998519897460938,0.054355621337890625
0,a72a4d511dd4435e9ac11262493493ac,0.7312477089881291,0.6496294611471617,0.15665077860781843,-0.1368169758137678,0.05999999642372132,0.1799999959766865,0.12750000134110454,0.04721514880657197,0.9000177,0,0.0028228759765625,0.06210970878601074
