round_id,scene_id,qx,qy,qz,qw,x,y,z,width,score,label,integration_time,planning_time
1,a0a64ceb5a9446b6bb0128673695addb,0.3541064818619806,0.7963552385431052,0.24341365421298194,-0.42564859507693387,0.277499994635582,0.1725000008940697,0.09749999642372133,0.04081462919712067,0.95239586,1,0.0025594234466552734,0.029298782348632812
