round_id,scene_id,qx,qy,qz,qw,x,y,z,width,score,label,integration_time,planning_time
0,79009635854646d4ae4f00925f7585fd,-0.2568366554902791,0.9419366221580178,0.1938138326776273,-0.0960548306797743,0.26250000000000007,0.02999999821186066,0.1350000020116568,0.06707379519939424,0.9165415,1,0.0025682449340820312,0.04115581512451172
0,11f9a4a76b2147b1aabee3ba35d10b85,0.6655440604831938,0.745720119219288,0.012244316322643198,-0.02833167952848691,0.15750000178813936,0.202499994635582,0.11249999552965166,0.0382957935333252,0.8433015,1,0.008433818817138672,0.03441929817199707
0,8f407d4d1284462eae72a225e0b841db,-0.3337478720714376,0.8568462346546245,0.14056305936939295,0.36697263438394984,0.202499994635582,0.14250000268220903,0.11249999552965166,0.04265204071998597,0.95155066,1,0.0025458335876464844,0.03728914260864258
0,06e46602af0e4a50b9a6f692296af3b0,-0.3108982472695938,0.8124420122292603,0.22542870254160385,0.43870509078420095,0.1725000008940697,0.04500000178813935,0.09749999642372133,0.058507320284843456,0.7441611,1,0.0026540756225585938,0.030599117279052734
