round_id,scene_id,qx,qy,qz,qw,x,y,z,width,score,label,integration_time,planning_time
0,28810fd25edc4420b9d8eacd8ae05441,0.6479933327646201,0.7438195423287697,0.11390920844069122,-0.11773623645605055,0.022499996423721316,0.08999999463558199,0.1350000020116568,0.04538990557193757,0.9715072,1,0.002595663070678711,0.06963372230529785
0,7b27ac7808a4433e9fcae805e338094f,-0.45352621930263926,0.8547010210886864,0.10509213533749835,0.22968625567329032,0.10499999821186068,0.01500000357627869,0.09749999642372133,0.0468135952949524,0.7022941,1,0.0025496482849121094,0.032166481018066406
0,5083f583621149898d645e64f2386e38,-0.32524332612353524,0.7993648103389951,0.22783081379355982,0.4509166209954634,0.07500000000000001,0.07500000000000001,0.09749999642372133,0.04323002994060517,0.88323885,1,0.0025644302368164062,0.03412318229675293
0,8886d4f041a64cbcb6e86d82ee11c75f,-0.38433177787297235,0.7985644057848498,0.2102454834236384,0.4127721054413085,0.08999999463558199,0.05999999642372132,0.09749999642372133,0.0373557910323143,0.71459407,0,0.005850076675415039,0.02921748161315918
0,987bed379643470fbf60488bf270e7a1,-0.3680982755438331,0.7778101283883248,0.23371631557121875,0.4526496962928489,0.09749999642372133,0.04500000178813935,0.09749999642372133,0.03635494932532311,0.75776327,0,0.002615690231323242,0.029353618621826172
