round_id,scene_id,qx,qy,qz,qw,x,y,z,width,score,label,integration_time,planning_time
2,d40b23510719425db237af8fd689e42e,0.4020530840212448,0.8220546761297469,0.186363277998511,-0.35755860456136757,0.1725000008940697,0.1500000022351742,0.09749999642372133,0.057168808579444896,0.6421437,1,0.0026047229766845703,0.028896808624267578
