round_id,scene_id,qx,qy,qz,qw,x,y,z,width,score,label,integration_time,planning_time
1,c99a5a7fb4fb4c6f9bc64bebf3d9e6aa,0.5422373890587059,0.7835953658982874,0.1989536986612768,-0.22885441275737917,0.082499997317791,0.11249999552965166,0.11249999552965166,0.04490317404270173,0.9649766,1,0.006739377975463867,0.03283429145812988
