round_id,scene_id,qx,qy,qz,qw,x,y,z,width,score,label,integration_time,planning_time
0,c58f5c4f35124683b7f22548a27c591d,-0.032518826896795375,0.9953913833051674,0.08979568760715029,0.008674930906965033,0.07500000000000001,0.1650000035762787,0.12750000134110454,0.06753619015216829,0.91424656,1,0.002596616744995117,0.0314176082611084
