round_id,scene_id,qx,qy,qz,qw,x,y,z,width,score,label,integration_time,planning_time
0,20cd5473a61c4b318fc3d6a261a44a4c,0.3275917387296878,0.8128250178358907,0.25683240786907835,-0.407475468420266,0.18749999552965166,0.02999999821186066,0.11249999552965166,0.05665774047374726,0.8260551,1,0.0032987594604492188,0.6528558731079102
0,a18e0c3a7efe4600bffc2349854a6484,0.647747338427555,0.6929978734814188,0.24963778280856247,-0.1945721210879785,0.24749999642372136,0.05999999642372132,0.11249999552965166,0.03941527605056763,0.9073916,1,0.004907369613647461,0.04693913459777832
0,e0aeaea705254aaca7532df39f49b517,0.6087796504071746,0.78336534516529,0.12097738317560765,-0.033023415997845376,0.202499994635582,0.2174999982118607,0.11249999552965166,0.06522421538829805,0.89615995,1,0.0027904510498046875,0.04430985450744629
0,2d3eb5bdee134e8cba6aa5b29c5a6cac,0.5186570816134671,0.8536222467379664,0.029543147973980208,-0.03809322740350496,0.08999999463558199,0.06749999821186067,0.14250000268220903,0.06539457142353058,0.8186962,1,0.0028705596923828125,0.03554797172546387
